"","WUI_area","year"
"1",1426095.1967381,"2000"
"2",1502356.36623299,"2010"
"3",1934256.07117379,"2020"
